,Glucosa media,%CV,TIR,TBR<70,TBR<54,TAR>250,LBGI,ADRR,Score riesgo
Glucosa media,1.0,0.16,-0.95,-0.45,-0.23,0.92,-0.54,0.51,0.26
%CV,0.16,1.0,-0.34,0.63,0.67,0.37,0.57,0.84,0.74
TIR,-0.95,-0.34,1.0,0.21,-0.01,-0.92,0.3,-0.68,-0.44
TBR<70,-0.45,0.63,0.21,1.0,0.92,-0.18,0.98,0.41,0.46
TBR<54,-0.23,0.67,-0.01,0.92,1.0,-0.0,0.89,0.55,0.54
TAR>250,0.92,0.37,-0.92,-0.18,-0.0,1.0,-0.25,0.67,0.37
LBGI,-0.54,0.57,0.3,0.98,0.89,-0.25,1.0,0.33,0.39
ADRR,0.51,0.84,-0.68,0.41,0.55,0.67,0.33,1.0,0.72
Score riesgo,0.26,0.74,-0.44,0.46,0.54,0.37,0.39,0.72,1.0
